/*
Navicat MySQL Data Transfer

Source Server         : localhost_3306
Source Server Version : 50553
Source Host           : localhost:3306
Source Database       : homestead

Target Server Type    : MYSQL
Target Server Version : 50553
File Encoding         : 65001

Date: 2017-12-04 18:48:45
*/

SET FOREIGN_KEY_CHECKS=0;

-- ----------------------------
-- Table structure for `migrations`
-- ----------------------------
DROP TABLE IF EXISTS `migrations`;
CREATE TABLE `migrations` (
  `migration` varchar(255) COLLATE utf8_unicode_ci NOT NULL,
  `batch` int(11) NOT NULL
) ENGINE=MyISAM DEFAULT CHARSET=utf8 COLLATE=utf8_unicode_ci;

-- ----------------------------
-- Records of migrations
-- ----------------------------
INSERT INTO `migrations` VALUES ('2014_10_12_000000_create_users_table', '1');
INSERT INTO `migrations` VALUES ('2014_10_12_100000_create_password_resets_table', '1');
INSERT INTO `migrations` VALUES ('2015_01_15_105324_create_roles_table', '1');
INSERT INTO `migrations` VALUES ('2015_01_15_114412_create_role_user_table', '1');
INSERT INTO `migrations` VALUES ('2015_01_26_115212_create_permissions_table', '1');
INSERT INTO `migrations` VALUES ('2015_01_26_115523_create_permission_role_table', '1');
INSERT INTO `migrations` VALUES ('2015_02_09_132439_create_permission_user_table', '1');

-- ----------------------------
-- Table structure for `password_resets`
-- ----------------------------
DROP TABLE IF EXISTS `password_resets`;
CREATE TABLE `password_resets` (
  `email` varchar(255) COLLATE utf8_unicode_ci NOT NULL,
  `token` varchar(255) COLLATE utf8_unicode_ci NOT NULL,
  `created_at` timestamp NOT NULL DEFAULT '0000-00-00 00:00:00',
  KEY `password_resets_email_index` (`email`),
  KEY `password_resets_token_index` (`token`)
) ENGINE=MyISAM DEFAULT CHARSET=utf8 COLLATE=utf8_unicode_ci;

-- ----------------------------
-- Records of password_resets
-- ----------------------------

-- ----------------------------
-- Table structure for `permissions`
-- ----------------------------
DROP TABLE IF EXISTS `permissions`;
CREATE TABLE `permissions` (
  `id` int(10) unsigned NOT NULL AUTO_INCREMENT,
  `name` varchar(50) COLLATE utf8_unicode_ci NOT NULL DEFAULT '',
  `slug` varchar(50) COLLATE utf8_unicode_ci NOT NULL DEFAULT '',
  `verbose` varchar(30) COLLATE utf8_unicode_ci DEFAULT '',
  `description` varchar(50) COLLATE utf8_unicode_ci DEFAULT '',
  `model` varchar(50) COLLATE utf8_unicode_ci DEFAULT '',
  `controller` varchar(50) COLLATE utf8_unicode_ci DEFAULT '',
  `action` varchar(50) COLLATE utf8_unicode_ci DEFAULT '',
  `created_at` timestamp NOT NULL DEFAULT '0000-00-00 00:00:00',
  `updated_at` timestamp NOT NULL DEFAULT '0000-00-00 00:00:00',
  PRIMARY KEY (`id`),
  UNIQUE KEY `permissions_slug_unique` (`slug`)
) ENGINE=MyISAM AUTO_INCREMENT=107 DEFAULT CHARSET=utf8 COLLATE=utf8_unicode_ci;

-- ----------------------------
-- Records of permissions
-- ----------------------------
INSERT INTO `permissions` VALUES ('89', 'roles', 'admin.roles.index', '角色管理', '角色列表', '', 'Entry\\Http\\Controllers\\RolesController', 'index', '2017-09-19 08:49:07', '2017-09-19 09:09:12');
INSERT INTO `permissions` VALUES ('90', 'roles', 'admin.roles.create', '角色管理', '创建角色', '', 'Entry\\Http\\Controllers\\RolesController', 'create', '2017-09-19 08:49:07', '2017-09-19 09:09:12');
INSERT INTO `permissions` VALUES ('91', 'roles', 'admin.roles.addperssion', '角色管理', '访问授权', '', 'Entry\\Http\\Controllers\\RolesController', 'addPerssion', '2017-09-19 08:49:07', '2017-09-19 09:09:12');
INSERT INTO `permissions` VALUES ('92', 'roles', 'admin.roles.adduser', '角色管理', '成员授权', '', 'Entry\\Http\\Controllers\\RolesController', 'addUser', '2017-09-19 08:49:07', '2017-09-19 09:09:12');
INSERT INTO `permissions` VALUES ('93', 'roles', 'admin.roles.edit', '角色管理', '修改角色', '', 'Entry\\Http\\Controllers\\RolesController', 'edit', '2017-09-19 08:49:07', '2017-09-19 09:09:12');
INSERT INTO `permissions` VALUES ('94', 'users', 'admin.user.index', '用户管理', '用户列表', '', 'Entry\\Http\\Controllers\\UsersController', 'index', '2017-09-19 08:49:07', '2017-09-19 08:49:07');
INSERT INTO `permissions` VALUES ('95', 'users', 'admin.user.create', '用户管理', '创建管理员', '', 'Entry\\Http\\Controllers\\UsersController', 'create', '2017-09-19 08:49:07', '2017-09-19 08:49:07');
INSERT INTO `permissions` VALUES ('96', 'users', 'admin.user.edit', '用户管理', '修改管理员', '', 'Entry\\Http\\Controllers\\UsersController', 'edit', '2017-09-19 08:49:07', '2017-09-19 08:49:07');
INSERT INTO `permissions` VALUES ('97', 'kefu', 'kefu.index', '客服记录', '客服记录', '', 'Stats\\Controllers\\KefuController', 'index', '2017-09-19 08:49:07', '2017-09-19 08:49:07');
INSERT INTO `permissions` VALUES ('98', 'kefu', 'kefu.show', '客服记录', '退款列表', '', 'Stats\\Controllers\\KefuController', 'show', '2017-09-19 08:49:07', '2017-09-19 08:49:07');
INSERT INTO `permissions` VALUES ('99', 'kefu', 'kefu.edit', '客服记录', '提交退款', '', 'Stats\\Controllers\\KefuController', 'edit', '2017-09-19 08:49:07', '2017-09-19 08:49:07');
INSERT INTO `permissions` VALUES ('100', 'order', 'order.index', '任务工单', '订单列表', '', 'Stats\\Controllers\\OrderController', 'index', '2017-09-19 08:49:07', '2017-09-19 08:49:07');
INSERT INTO `permissions` VALUES ('101', 'order', 'order.create', '任务工单', '添加站点', '', 'Stats\\Controllers\\OrderController', 'create', '2017-09-19 08:49:07', '2017-09-19 08:49:07');
INSERT INTO `permissions` VALUES ('102', 'order', 'order.create-xqpg', '任务工单', '小区评估', '', 'Stats\\Controllers\\OrderController', 'xqpg', '2017-09-19 08:49:07', '2017-09-19 08:49:07');
INSERT INTO `permissions` VALUES ('103', 'order', 'order.show', '任务工单', '订单详情', '', 'Stats\\Controllers\\OrderController', 'show', '2017-09-19 08:49:07', '2017-09-19 08:49:07');
INSERT INTO `permissions` VALUES ('104', 'index', 'stats.test', '订单列表', '任务工单', '', 'Stats\\Controllers\\IndexController', 'index', '2017-09-19 08:49:07', '2017-09-19 08:49:07');
INSERT INTO `permissions` VALUES ('105', 'index', 'stats.terminal', '订单列表', '终端列表', '', 'Stats\\Controllers\\IndexController', 'terminal', '2017-09-19 08:49:07', '2017-09-19 08:49:07');
INSERT INTO `permissions` VALUES ('106', 'index', 'stats.show', '订单列表', '工单详情', '', 'Stats\\Controllers\\IndexController', 'show', '2017-09-19 08:49:07', '2017-09-19 08:49:07');

-- ----------------------------
-- Table structure for `permission_role`
-- ----------------------------
DROP TABLE IF EXISTS `permission_role`;
CREATE TABLE `permission_role` (
  `id` int(10) unsigned NOT NULL AUTO_INCREMENT,
  `permission_id` int(10) unsigned NOT NULL,
  `role_id` int(10) unsigned NOT NULL,
  `created_at` timestamp NOT NULL DEFAULT '0000-00-00 00:00:00',
  `updated_at` timestamp NOT NULL DEFAULT '0000-00-00 00:00:00',
  PRIMARY KEY (`id`),
  KEY `permission_role_permission_id_index` (`permission_id`),
  KEY `permission_role_role_id_index` (`role_id`)
) ENGINE=MyISAM AUTO_INCREMENT=66 DEFAULT CHARSET=utf8 COLLATE=utf8_unicode_ci;

-- ----------------------------
-- Records of permission_role
-- ----------------------------
INSERT INTO `permission_role` VALUES ('51', '94', '4', '0000-00-00 00:00:00', '0000-00-00 00:00:00');
INSERT INTO `permission_role` VALUES ('47', '102', '3', '0000-00-00 00:00:00', '0000-00-00 00:00:00');
INSERT INTO `permission_role` VALUES ('46', '100', '3', '0000-00-00 00:00:00', '0000-00-00 00:00:00');
INSERT INTO `permission_role` VALUES ('43', '98', '2', '0000-00-00 00:00:00', '0000-00-00 00:00:00');
INSERT INTO `permission_role` VALUES ('42', '97', '2', '0000-00-00 00:00:00', '0000-00-00 00:00:00');
INSERT INTO `permission_role` VALUES ('53', '97', '4', '0000-00-00 00:00:00', '0000-00-00 00:00:00');
INSERT INTO `permission_role` VALUES ('37', '103', '4', '0000-00-00 00:00:00', '0000-00-00 00:00:00');
INSERT INTO `permission_role` VALUES ('41', '106', '4', '0000-00-00 00:00:00', '0000-00-00 00:00:00');
INSERT INTO `permission_role` VALUES ('35', '95', '4', '0000-00-00 00:00:00', '0000-00-00 00:00:00');
INSERT INTO `permission_role` VALUES ('45', '104', '2', '0000-00-00 00:00:00', '0000-00-00 00:00:00');
INSERT INTO `permission_role` VALUES ('40', '104', '4', '0000-00-00 00:00:00', '0000-00-00 00:00:00');
INSERT INTO `permission_role` VALUES ('44', '99', '2', '0000-00-00 00:00:00', '0000-00-00 00:00:00');
INSERT INTO `permission_role` VALUES ('39', '99', '4', '0000-00-00 00:00:00', '0000-00-00 00:00:00');
INSERT INTO `permission_role` VALUES ('48', '104', '3', '0000-00-00 00:00:00', '0000-00-00 00:00:00');
INSERT INTO `permission_role` VALUES ('49', '105', '3', '0000-00-00 00:00:00', '0000-00-00 00:00:00');
INSERT INTO `permission_role` VALUES ('50', '106', '3', '0000-00-00 00:00:00', '0000-00-00 00:00:00');
INSERT INTO `permission_role` VALUES ('52', '96', '4', '0000-00-00 00:00:00', '0000-00-00 00:00:00');
INSERT INTO `permission_role` VALUES ('54', '98', '4', '0000-00-00 00:00:00', '0000-00-00 00:00:00');
INSERT INTO `permission_role` VALUES ('55', '100', '4', '0000-00-00 00:00:00', '0000-00-00 00:00:00');
INSERT INTO `permission_role` VALUES ('56', '101', '4', '0000-00-00 00:00:00', '0000-00-00 00:00:00');
INSERT INTO `permission_role` VALUES ('57', '102', '4', '0000-00-00 00:00:00', '0000-00-00 00:00:00');
INSERT INTO `permission_role` VALUES ('58', '105', '4', '0000-00-00 00:00:00', '0000-00-00 00:00:00');
INSERT INTO `permission_role` VALUES ('59', '100', '5', '0000-00-00 00:00:00', '0000-00-00 00:00:00');
INSERT INTO `permission_role` VALUES ('60', '101', '5', '0000-00-00 00:00:00', '0000-00-00 00:00:00');
INSERT INTO `permission_role` VALUES ('61', '102', '5', '0000-00-00 00:00:00', '0000-00-00 00:00:00');
INSERT INTO `permission_role` VALUES ('62', '103', '5', '0000-00-00 00:00:00', '0000-00-00 00:00:00');
INSERT INTO `permission_role` VALUES ('63', '104', '5', '0000-00-00 00:00:00', '0000-00-00 00:00:00');
INSERT INTO `permission_role` VALUES ('64', '105', '5', '0000-00-00 00:00:00', '0000-00-00 00:00:00');
INSERT INTO `permission_role` VALUES ('65', '106', '5', '0000-00-00 00:00:00', '0000-00-00 00:00:00');

-- ----------------------------
-- Table structure for `permission_user`
-- ----------------------------
DROP TABLE IF EXISTS `permission_user`;
CREATE TABLE `permission_user` (
  `id` int(10) unsigned NOT NULL AUTO_INCREMENT,
  `permission_id` int(10) unsigned NOT NULL,
  `user_id` int(10) unsigned NOT NULL,
  `created_at` timestamp NOT NULL DEFAULT '0000-00-00 00:00:00',
  `updated_at` timestamp NOT NULL DEFAULT '0000-00-00 00:00:00',
  PRIMARY KEY (`id`),
  KEY `permission_user_permission_id_index` (`permission_id`),
  KEY `permission_user_user_id_index` (`user_id`)
) ENGINE=MyISAM AUTO_INCREMENT=4 DEFAULT CHARSET=utf8 COLLATE=utf8_unicode_ci;

-- ----------------------------
-- Records of permission_user
-- ----------------------------
INSERT INTO `permission_user` VALUES ('1', '41', '3', '0000-00-00 00:00:00', '0000-00-00 00:00:00');
INSERT INTO `permission_user` VALUES ('2', '40', '3', '0000-00-00 00:00:00', '0000-00-00 00:00:00');
INSERT INTO `permission_user` VALUES ('3', '39', '3', '0000-00-00 00:00:00', '0000-00-00 00:00:00');

-- ----------------------------
-- Table structure for `roles`
-- ----------------------------
DROP TABLE IF EXISTS `roles`;
CREATE TABLE `roles` (
  `id` int(10) unsigned NOT NULL AUTO_INCREMENT,
  `name` varchar(255) COLLATE utf8_unicode_ci NOT NULL,
  `slug` varchar(255) COLLATE utf8_unicode_ci NOT NULL,
  `description` varchar(255) COLLATE utf8_unicode_ci DEFAULT NULL,
  `level` int(11) NOT NULL DEFAULT '1',
  `created_at` timestamp NOT NULL DEFAULT '0000-00-00 00:00:00',
  `updated_at` timestamp NOT NULL DEFAULT '0000-00-00 00:00:00',
  PRIMARY KEY (`id`),
  UNIQUE KEY `roles_slug_unique` (`slug`)
) ENGINE=MyISAM AUTO_INCREMENT=6 DEFAULT CHARSET=utf8 COLLATE=utf8_unicode_ci;

-- ----------------------------
-- Records of roles
-- ----------------------------
INSERT INTO `roles` VALUES ('1', 'SupperAdmin', 'supper_admin', '超级管理员', '1', '2017-09-07 16:57:47', '2017-09-07 16:57:51');
INSERT INTO `roles` VALUES ('2', 'KeFuAdmin', 'kefu_admin', '客服', '1', '2017-09-07 16:59:43', '2017-09-07 16:59:46');
INSERT INTO `roles` VALUES ('3', 'OrderAdmin', 'order_admin', '订单管理员', '1', '2017-09-07 17:01:18', '2017-09-07 17:01:25');
INSERT INTO `roles` VALUES ('4', 'KeFuOrderAdmin', 'kefu_order_admin', '主管', '1', '2017-09-07 17:01:15', '2017-09-07 17:01:22');
INSERT INTO `roles` VALUES ('5', 'chanping', 'chanping.index', '产品经理', '1', '2017-09-18 06:36:22', '2017-09-18 06:47:36');

-- ----------------------------
-- Table structure for `role_user`
-- ----------------------------
DROP TABLE IF EXISTS `role_user`;
CREATE TABLE `role_user` (
  `id` int(10) unsigned NOT NULL AUTO_INCREMENT,
  `role_id` int(10) unsigned NOT NULL,
  `user_id` int(10) unsigned NOT NULL,
  `created_at` timestamp NOT NULL DEFAULT '0000-00-00 00:00:00',
  `updated_at` timestamp NOT NULL DEFAULT '0000-00-00 00:00:00',
  PRIMARY KEY (`id`),
  KEY `role_user_role_id_index` (`role_id`),
  KEY `role_user_user_id_index` (`user_id`)
) ENGINE=MyISAM AUTO_INCREMENT=22 DEFAULT CHARSET=utf8 COLLATE=utf8_unicode_ci;

-- ----------------------------
-- Records of role_user
-- ----------------------------
INSERT INTO `role_user` VALUES ('1', '3', '4', '0000-00-00 00:00:00', '0000-00-00 00:00:00');
INSERT INTO `role_user` VALUES ('2', '2', '3', '0000-00-00 00:00:00', '0000-00-00 00:00:00');
INSERT INTO `role_user` VALUES ('3', '4', '2', '0000-00-00 00:00:00', '0000-00-00 00:00:00');
INSERT INTO `role_user` VALUES ('4', '1', '1', '0000-00-00 00:00:00', '0000-00-00 00:00:00');
INSERT INTO `role_user` VALUES ('20', '5', '13', '0000-00-00 00:00:00', '0000-00-00 00:00:00');
INSERT INTO `role_user` VALUES ('21', '5', '14', '0000-00-00 00:00:00', '0000-00-00 00:00:00');

-- ----------------------------
-- Table structure for `test`
-- ----------------------------
DROP TABLE IF EXISTS `test`;
CREATE TABLE `test` (
  `id` int(11) NOT NULL AUTO_INCREMENT,
  `title` varchar(255) DEFAULT '',
  `user_id` int(11) DEFAULT '0',
  `created_at` timestamp NULL DEFAULT '0000-00-00 00:00:00',
  `updated_at` timestamp NULL DEFAULT '0000-00-00 00:00:00',
  PRIMARY KEY (`id`)
) ENGINE=MyISAM AUTO_INCREMENT=11 DEFAULT CHARSET=utf8;

-- ----------------------------
-- Records of test
-- ----------------------------
INSERT INTO `test` VALUES ('1', 'title23032', '2', '2017-08-23 01:58:19', '2017-08-23 01:58:19');
INSERT INTO `test` VALUES ('2', 'title89764', '2', '2017-08-23 01:58:20', '2017-08-23 01:58:20');
INSERT INTO `test` VALUES ('3', 'title4923', '1', '2017-08-23 01:58:20', '2017-08-23 01:58:20');
INSERT INTO `test` VALUES ('4', 'title71210', '3', '2017-08-23 01:58:21', '2017-08-23 01:58:21');
INSERT INTO `test` VALUES ('5', 'title26059', '1', '2017-08-23 01:58:26', '2017-08-23 01:58:26');
INSERT INTO `test` VALUES ('6', 'title49277', '1', '2017-08-23 01:58:26', '2017-08-23 01:58:26');
INSERT INTO `test` VALUES ('7', 'title70059', '4', '2017-08-23 01:58:27', '2017-08-23 01:58:27');
INSERT INTO `test` VALUES ('8', 'title74667', '1', '2017-08-23 01:58:27', '2017-08-23 01:58:27');
INSERT INTO `test` VALUES ('9', 'title76471', '1', '2017-08-23 01:58:27', '2017-08-23 01:58:27');
INSERT INTO `test` VALUES ('10', 'title53064', '1', '2017-08-23 01:58:27', '2017-08-23 01:58:27');

-- ----------------------------
-- Table structure for `users`
-- ----------------------------
DROP TABLE IF EXISTS `users`;
CREATE TABLE `users` (
  `id` int(10) unsigned NOT NULL AUTO_INCREMENT,
  `username` varchar(255) COLLATE utf8_unicode_ci NOT NULL,
  `email` varchar(255) COLLATE utf8_unicode_ci NOT NULL,
  `password` varchar(60) COLLATE utf8_unicode_ci NOT NULL,
  `remember_token` varchar(100) COLLATE utf8_unicode_ci DEFAULT '',
  `created_at` timestamp NOT NULL DEFAULT '0000-00-00 00:00:00',
  `updated_at` timestamp NOT NULL DEFAULT '0000-00-00 00:00:00',
  `isSuper` tinyint(4) DEFAULT '0',
  `realname` varchar(30) COLLATE utf8_unicode_ci DEFAULT '' COMMENT '真实名字',
  `mobile` char(11) COLLATE utf8_unicode_ci DEFAULT '',
  `status` tinyint(4) DEFAULT '1',
  PRIMARY KEY (`id`),
  UNIQUE KEY `users_email_unique` (`email`)
) ENGINE=MyISAM AUTO_INCREMENT=16 DEFAULT CHARSET=utf8 COLLATE=utf8_unicode_ci;

-- ----------------------------
-- Records of users
-- ----------------------------
INSERT INTO `users` VALUES ('1', 'admin', 'xuguojian@ejoyby.com', '$2y$10$K7p3JDQFLsSq01n3Zep3Juye8uIfyYCRAGMHgsly0y1yobPRZKse2', '5qQtA2sm1AIAYMP1ea1OPVnvazQADGpbZ7fFj4cwucQopWrcYNMQ23P5Gf6W', '2017-08-31 17:08:10', '2017-12-04 10:35:52', '1', '超级管理员', '13037818888', '1');
INSERT INTO `users` VALUES ('2', 'sunlong', 'sunlong@qq.com', '$2y$10$K7p3JDQFLsSq01n3Zep3Juye8uIfyYCRAGMHgsly0y1yobPRZKse2', 'CwPo05KQHApmNSKp3W4sg9CHSUW7AouOwB0pusn0P8MjCc9uUb91gcswYfxe', '2017-09-07 17:05:42', '2017-09-28 07:52:58', '0', '孙龙', '13037818888', '1');
INSERT INTO `users` VALUES ('3', 'kefu', 'kefu@qq.com', '$2y$10$K7p3JDQFLsSq01n3Zep3Juye8uIfyYCRAGMHgsly0y1yobPRZKse2', 'OYNioQAU3DqxSstQbysk4gfB1VRwyGkqiF3bcBMgDm6AOnh7YPmrX3i6uL8H', '0000-00-00 00:00:00', '2017-09-20 01:34:37', '0', '客服', '13037818888', '1');
INSERT INTO `users` VALUES ('4', 'order', 'order@qq.com', '$2y$10$K7p3JDQFLsSq01n3Zep3Juye8uIfyYCRAGMHgsly0y1yobPRZKse2', 'Rg47sxzJ94NtnuW0qYJvmh6DuMQwBwpHlu9l9P27vwjUaaCfknarsomJ3ZPx', '0000-00-00 00:00:00', '2017-09-20 01:34:46', '0', '订单', '13037818888', '1');
INSERT INTO `users` VALUES ('12', 'lisi123', '1@6.com123', '$2y$10$injnGYLTvieaoGOBzMkTmuRCjLZ7FgcOXVlwqmedA15S1/PT.mutW', 'P5pK0RMlKcQrIDKbcSoJDb04hYfpn3VQoml4gSw35IsHeDMwCjK3aWZ9Au48', '2017-09-12 06:19:31', '2017-09-12 10:23:19', '0', '李四123', '15888888888', '1');
INSERT INTO `users` VALUES ('13', 'lisi', '3@77.com', '$2y$10$HZUbcVl4K4Jwdli1AgZ74OKI7Y83sWeaTrok4xhzc8QBqhugi0flW', '', '2017-09-18 07:16:32', '2017-09-18 07:17:30', '0', '李四2', '13899999999', '1');
INSERT INTO `users` VALUES ('11', 'zhangsan', '1@2.com', '$2y$10$.05HrhpPIUIl2EsMekQ2NO2GxJODv4p/L8nkg8B6RoQkOR4NWPr1y', '', '2017-09-12 06:17:35', '2017-09-12 06:17:35', '0', '张三', '15876778987', '1');
INSERT INTO `users` VALUES ('14', 'aa', 'rr@yy.com', '$2y$10$HYIZiAxwO5IsovPOZA4glOgW2.GXc/JvMdx8jCAbi7PiQnpFhDO4K', '', '2017-09-18 09:13:04', '2017-09-18 09:13:04', '0', 'aa', '15899999999', '1');
INSERT INTO `users` VALUES ('15', 'bb', 'bb@bb.com', '$2y$10$lwthB3PHgwM6/PzHT7Q.EO8glmOJ1TAaNx81yox93DrfhMBZP7twS', '', '2017-09-18 09:13:28', '2017-09-18 09:13:28', '0', 'bb', '15888887789', '1');
